{"cameraMode":{"drawMode":0,"name":"Shaded","section":"Shading Mode"},"sceneLighting":true,"audioPlay":false,"sceneViewState":{"showFog":true,"showMaterialUpdate":false,"showSkybox":true,"showFlares":true,"showImageEffects":true,"showParticleSystems":true},"in2DMode":false,"pivot":{"x":2.9156723022460939,"y":14.814312934875489,"z":-17.122478485107423},"rotation":{"x":0.49977830052375796,"y":-0.2553814649581909,"z":0.15706726908683778,"w":0.8126081228256226},"size":36.548831939697269,"orthographic":false}