{"cameraMode":{"drawMode":0,"name":"Shaded","section":"Shading Mode"},"sceneLighting":true,"audioPlay":false,"sceneViewState":{"showFog":false,"showMaterialUpdate":false,"showSkybox":false,"showFlares":false,"showImageEffects":false,"showParticleSystems":false},"in2DMode":false,"pivot":{"x":0.10584855079650879,"y":0.09553146362304688,"z":1.3991798162460328},"rotation":{"x":-0.12083019316196442,"y":0.8760049939155579,"z":-0.28777366876602175,"w":-0.36774754524230959},"size":10.32045841217041,"orthographic":false}