{"cameraMode":{"drawMode":0,"name":"Shaded","section":"Shading Mode"},"sceneLighting":false,"audioPlay":false,"sceneViewState":{"showFog":false,"showMaterialUpdate":false,"showSkybox":false,"showFlares":false,"showImageEffects":false,"showParticleSystems":false},"in2DMode":false,"pivot":{"x":-0.9579697847366333,"y":1.7895114421844483,"z":2.7214789390563967},"rotation":{"x":-0.08461105078458786,"y":-0.4106231927871704,"z":0.03830232471227646,"w":-0.9070844650268555},"size":0.7726663947105408,"orthographic":false}