{"cameraMode":{"drawMode":0,"name":"Shaded","section":"Shading Mode"},"sceneLighting":true,"audioPlay":false,"sceneViewState":{"showFog":false,"showMaterialUpdate":false,"showSkybox":false,"showFlares":false,"showImageEffects":false,"showParticleSystems":false},"in2DMode":false,"pivot":{"x":0.39336058497428896,"y":2.274946689605713,"z":0.5829240679740906},"rotation":{"x":-0.09093547612428665,"y":-0.7251380681991577,"z":0.09761897474527359,"w":-0.6755740642547607},"size":1.2994070053100587,"orthographic":false}